Rank,City,State,Estimate_2018,Census_2010,Percentage_Change,Land_area_2016_sqmi,Population_density_2016_sqmi,City_Website,Time_Zone,location_urls
1,New York City, New York,8398748,8175133,2.74,301.5,28317,https://en.wikipedia.org/wiki/New_York_City,UTC−05:00 (EST),https://tools.wmflabs.org/geohack/geohack.php?pagename=List_of_United_States_cities_by_population&params=40.6635_N_73.9387_W_&title=1+New+York+City
2,Los Angeles, California,3990456,3792621,5.22,468.7,8484,https://en.wikipedia.org/wiki/Los_Angeles,UTC−08:00 (Pacific),https://tools.wmflabs.org/geohack/geohack.php?pagename=List_of_United_States_cities_by_population&params=34.0194_N_118.4108_W_&title=2+Los+Angeles
3,Chicago, Illinois,2705994,2695598,0.39,227.3,11900,https://en.wikipedia.org/wiki/Chicago,UTC−06:00 (Central),https://tools.wmflabs.org/geohack/geohack.php?pagename=List_of_United_States_cities_by_population&params=41.8376_N_87.6818_W_&title=3+Chicago
4,Houston, Texas,2325502,2100263,10.72,637.5,3613,https://en.wikipedia.org/wiki/Houston,UTC−6 (CST),https://tools.wmflabs.org/geohack/geohack.php?pagename=List_of_United_States_cities_by_population&params=29.7866_N_95.3909_W_&title=4+Houston
5,Phoenix, Arizona,1660272,1445632,14.85,517.6,3120,https://en.wikipedia.org/wiki/Phoenix_Arizona,UTC−7 (MST (no DST)),https://tools.wmflabs.org/geohack/geohack.php?pagename=List_of_United_States_cities_by_population&params=33.5722_N_112.0901_W_&title=6+Phoenix
6,Philadelphia, Pennsylvania,1584138,1526006,3.81,134.2,11683,https://en.wikipedia.org/wiki/Philadelphia,UTC-5 (EST),https://tools.wmflabs.org/geohack/geohack.php?pagename=List_of_United_States_cities_by_population&params=40.0094_N_75.1333_W_&title=5+Philadelphia
7,San Antonio, Texas,1532233,1327407,15.43,461.0,3238,https://en.wikipedia.org/wiki/San_Antonio,UTC−6 (CST),https://tools.wmflabs.org/geohack/geohack.php?pagename=List_of_United_States_cities_by_population&params=29.4724_N_98.5251_W_&title=7+San+Antonio
8,San Diego, California,1425976,1307402,9.07,325.2,4325,https://en.wikipedia.org/wiki/San_Diego,UTC−8 (Pacific),https://tools.wmflabs.org/geohack/geohack.php?pagename=List_of_United_States_cities_by_population&params=32.8153_N_117.1350_W_&title=8+San+Diego
9,Dallas, Texas,1345047,1197816,12.29,340.9,3866,https://en.wikipedia.org/wiki/Dallas,UTC−6 (Central),https://tools.wmflabs.org/geohack/geohack.php?pagename=List_of_United_States_cities_by_population&params=32.7933_N_96.7665_W_&title=9+Dallas
10,San Jose, California,1030119,945942,8.90,177.5,5777,https://en.wikipedia.org/wiki/San_Jose_California,UTC−8 (Pacific Time Zone),https://tools.wmflabs.org/geohack/geohack.php?pagename=List_of_United_States_cities_by_population&params=37.2967_N_121.8189_W_&title=10+San+Jose
11,Austin, Texas,964254,790390,22.00,312.7,3031,https://en.wikipedia.org/wiki/Austin_Texas,UTC−6 (CST),https://tools.wmflabs.org/geohack/geohack.php?pagename=List_of_United_States_cities_by_population&params=30.3039_N_97.7544_W_&title=11+Austin
12,Jacksonville, Florida,903889,821784,9.99,747.4,1178,https://en.wikipedia.org/wiki/Jacksonville_Florida,UTC−5 (Eastern (EST)),https://tools.wmflabs.org/geohack/geohack.php?pagename=List_of_United_States_cities_by_population&params=30.3369_N_81.6616_W_&title=12+Jacksonville
13,Fort Worth, Texas,895008,741206,20.75,342.9,2491,https://en.wikipedia.org/wiki/Fort_Worth_Texas,UTC−6 (CST),https://tools.wmflabs.org/geohack/geohack.php?pagename=List_of_United_States_cities_by_population&params=32.7815_N_97.3467_W_&title=16+Fort+Worth
14,Columbus, Ohio,892533,787033,13.40,218.5,3936,https://en.wikipedia.org/wiki/Columbus_Ohio,UTC-5 (EST),https://tools.wmflabs.org/geohack/geohack.php?pagename=List_of_United_States_cities_by_population&params=39.9852_N_82.9848_W_&title=15+Columbus
15,San Francisco, California,883305,805235,9.70,46.9,18569,https://en.wikipedia.org/wiki/San_Francisco,UTC−8 (Pacific Time Zone),https://tools.wmflabs.org/geohack/geohack.php?pagename=List_of_United_States_cities_by_population&params=37.7272_N_123.0322_W_&title=13+San+Francisco
16,Charlotte, North Carolina,872498,731424,19.29,305.4,2757,https://en.wikipedia.org/wiki/Charlotte_North_Carolina,UTC−5 (EST),https://tools.wmflabs.org/geohack/geohack.php?pagename=List_of_United_States_cities_by_population&params=35.2078_N_80.8310_W_&title=17+Charlotte
17,Indianapolis, Indiana,867125,820445,5.69,361.5,2366,https://en.wikipedia.org/wiki/Indianapolis,UTC−5 (EST),https://tools.wmflabs.org/geohack/geohack.php?pagename=List_of_United_States_cities_by_population&params=39.7767_N_86.1459_W_&title=14+Indianapolis
18,Seattle, Washington,744955,608660,22.39,83.8,8405,https://en.wikipedia.org/wiki/Seattle,UTC−8 (PST),https://tools.wmflabs.org/geohack/geohack.php?pagename=List_of_United_States_cities_by_population&params=47.6205_N_122.3509_W_&title=20+Seattle
19,Denver, Colorado,716492,600158,19.38,153.3,4521,https://en.wikipedia.org/wiki/Denver,UTC−7 (MST),https://tools.wmflabs.org/geohack/geohack.php?pagename=List_of_United_States_cities_by_population&params=39.7619_N_104.8811_W_&title=Denver
20,Washington D.C., District of Columbia,702455,601723,16.74,61.1,11148,https://en.wikipedia.org/wiki/Washington_D.C.,UTC−5 (EST),https://tools.wmflabs.org/geohack/geohack.php?pagename=List_of_United_States_cities_by_population&params=38.9041_N_77.0172_W_&title=Washington%2C+D.C.
21,Boston, Massachusetts,694583,617594,12.47,48.3,13938,https://en.wikipedia.org/wiki/Boston,UTC−5 (EST),https://tools.wmflabs.org/geohack/geohack.php?pagename=List_of_United_States_cities_by_population&params=42.3320_N_71.0202_W_&title=Boston
22,El Paso, Texas,682669,649121,5.17,256.8,2660,https://en.wikipedia.org/wiki/El_Paso_Texas,UTC−7 (MST),https://tools.wmflabs.org/geohack/geohack.php?pagename=List_of_United_States_cities_by_population&params=31.8484_N_106.4270_W_&title=19+El+Paso
23,Detroit, Michigan,672662,713777,5.76,138.8,4847,https://en.wikipedia.org/wiki/Detroit,UTC−5 (EST),https://tools.wmflabs.org/geohack/geohack.php?pagename=List_of_United_States_cities_by_population&params=42.3830_N_83.1022_W_&title=18+Detroit
24,Nashville, Tennessee,669053,601222,11.28,475.9,1388,https://en.wikipedia.org/wiki/Nashville_Tennessee,UTC−6 (CST),https://tools.wmflabs.org/geohack/geohack.php?pagename=List_of_United_States_cities_by_population&params=36.1718_N_86.7850_W_&title=Nashville
25,Portland, Oregon,653115,583776,11.88,133.5,4793,https://en.wikipedia.org/wiki/Portland_Oregon,UTC−08:00 (PST),https://tools.wmflabs.org/geohack/geohack.php?pagename=List_of_United_States_cities_by_population&params=45.5370_N_122.6500_W_&title=Portland
26,Memphis, Tennessee,650618,646889,0.58,317.4,2056,https://en.wikipedia.org/wiki/Memphis_Tennessee,UTC−6 (CST),https://tools.wmflabs.org/geohack/geohack.php?pagename=List_of_United_States_cities_by_population&params=35.1028_N_89.9774_W_&title=Memphis
27,Oklahoma City, Oklahoma,649021,579999,11.90,606.3,1053,https://en.wikipedia.org/wiki/Oklahoma_City,UTC−6 (CST),https://tools.wmflabs.org/geohack/geohack.php?pagename=List_of_United_States_cities_by_population&params=35.4671_N_97.5137_W_&title=Oklahoma+City
28,Las Vegas, Nevada,644644,583756,10.43,134.4,4709,https://en.wikipedia.org/wiki/Las_Vegas,UTC−8 (PST),https://tools.wmflabs.org/geohack/geohack.php?pagename=List_of_United_States_cities_by_population&params=36.2292_N_115.2601_W_&title=Las+Vegas
29,Louisville, Kentucky,620118,597337,3.81,263.5,2339,https://en.wikipedia.org/wiki/Louisville_Kentucky,UTC-5 (EST),https://tools.wmflabs.org/geohack/geohack.php?pagename=List_of_United_States_cities_by_population&params=38.1654_N_85.6474_W_&title=Louisville
30,Baltimore, Maryland,602495,620961,2.97,80.9,7598,https://en.wikipedia.org/wiki/Baltimore,UTC−5 (EST),https://tools.wmflabs.org/geohack/geohack.php?pagename=List_of_United_States_cities_by_population&params=39.3000_N_76.6105_W_&title=Baltimore
31,Milwaukee, Wisconsin,592025,594833,0.47,96.2,6186,https://en.wikipedia.org/wiki/Milwaukee,UTC−6 (CST),https://tools.wmflabs.org/geohack/geohack.php?pagename=List_of_United_States_cities_by_population&params=43.0633_N_87.9667_W_&title=Milwaukee
32,Albuquerque, New Mexico,560218,545852,2.63,188.2,2972,https://en.wikipedia.org/wiki/Albuquerque_New_Mexico,UTC−7 (MST),https://tools.wmflabs.org/geohack/geohack.php?pagename=List_of_United_States_cities_by_population&params=35.1056_N_106.6474_W_&title=Albuquerque
33,Tucson, Arizona,545975,520116,4.97,230.8,2299,https://en.wikipedia.org/wiki/Tucson_Arizona,UTC−7 (MST (no DST)),https://tools.wmflabs.org/geohack/geohack.php?pagename=List_of_United_States_cities_by_population&params=32.1531_N_110.8706_W_&title=Tucson
34,Fresno, California,530093,494665,7.16,114.4,4563,https://en.wikipedia.org/wiki/Fresno_California,UTC−08:00 (Pacific),https://tools.wmflabs.org/geohack/geohack.php?pagename=List_of_United_States_cities_by_population&params=36.7836_N_119.7934_W_&title=Fresno
35,Mesa, Arizona,508958,439041,15.92,137.9,3514,https://en.wikipedia.org/wiki/Mesa_Arizona,UTC−7 (MST (no DST)),https://tools.wmflabs.org/geohack/geohack.php?pagename=List_of_United_States_cities_by_population&params=33.4019_N_111.7174_W_&title=Mesa
36,Sacramento, California,508529,466488,9.01,97.9,5059,https://en.wikipedia.org/wiki/Sacramento_California,UTC−8 (PST),https://tools.wmflabs.org/geohack/geohack.php?pagename=List_of_United_States_cities_by_population&params=38.5666_N_121.4686_W_&title=Sacramento
37,Atlanta, Georgia,498044,420003,18.58,133.5,3539,https://en.wikipedia.org/wiki/Atlanta,UTC−5 (EST),https://tools.wmflabs.org/geohack/geohack.php?pagename=List_of_United_States_cities_by_population&params=33.7629_N_84.4227_W_&title=Atlanta
38,Kansas City, Missouri,491918,459787,6.99,315.0,1528,https://en.wikipedia.org/wiki/Kansas_City_Missouri,UTC– 06:00 (CST),https://tools.wmflabs.org/geohack/geohack.php?pagename=List_of_United_States_cities_by_population&params=39.1251_N_94.5510_W_&title=Kansas+City%2C+MO
39,Colorado Springs, Colorado,472688,416427,13.51,195.6,2378,https://en.wikipedia.org/wiki/Colorado_Springs_Colorado,UTC−7 (MST),https://tools.wmflabs.org/geohack/geohack.php?pagename=List_of_United_States_cities_by_population&params=38.8673_N_104.7607_W_&title=Colorado+Springs
40,Miami, Florida,470914,399457,17.89,36.0,12599,https://en.wikipedia.org/wiki/Miami,UTC−5 (Eastern (EST)),https://tools.wmflabs.org/geohack/geohack.php?pagename=List_of_United_States_cities_by_population&params=25.7752_N_80.2086_W_&title=Miami
41,Raleigh, North Carolina,469298,403892,16.19,145.1,3163,https://en.wikipedia.org/wiki/Raleigh_North_Carolina,UTC−05:00 (EST),https://tools.wmflabs.org/geohack/geohack.php?pagename=List_of_United_States_cities_by_population&params=35.8306_N_78.6418_W_&title=Raleigh
42,Omaha, Nebraska,468262,408958,14.50,133.2,3356,https://en.wikipedia.org/wiki/Omaha_Nebraska,UTC−06:00 (CST),https://tools.wmflabs.org/geohack/geohack.php?pagename=List_of_United_States_cities_by_population&params=41.2644_N_96.0451_W_&title=Omaha
43,Long Beach, California,467354,462257,1.10,50.3,9347,https://en.wikipedia.org/wiki/Long_Beach_California,UTC−08:00 (Pacific),https://tools.wmflabs.org/geohack/geohack.php?pagename=List_of_United_States_cities_by_population&params=33.8092_N_118.1553_W_&title=Long+Beach
44,Virginia Beach, Virginia,450189,437994,2.78,244.7,1850,https://en.wikipedia.org/wiki/Virginia_Beach_Virginia,UTC−5 (EST),https://tools.wmflabs.org/geohack/geohack.php?pagename=List_of_United_States_cities_by_population&params=36.7800_N_76.0252_W_&title=Virginia+Beach
45,Oakland, California,429082,390724,9.82,55.9,7514,https://en.wikipedia.org/wiki/Oakland_California,UTC−08:00 (Pacific),https://tools.wmflabs.org/geohack/geohack.php?pagename=List_of_United_States_cities_by_population&params=37.7698_N_122.2257_W_&title=Oakland
46,Minneapolis, Minnesota,425403,382578,11.19,54.0,7660,https://en.wikipedia.org/wiki/Minneapolis,UTC–6 (CST),https://tools.wmflabs.org/geohack/geohack.php?pagename=List_of_United_States_cities_by_population&params=44.9633_N_93.2683_W_&title=Minneapolis
47,Tulsa, Oklahoma,400669,391906,2.24,196.8,2048,https://en.wikipedia.org/wiki/Tulsa_Oklahoma,UTC−6 (CST),https://tools.wmflabs.org/geohack/geohack.php?pagename=List_of_United_States_cities_by_population&params=36.1279_N_95.9023_W_&title=Tulsa
48,Arlington, Texas,398112,365438,8.94,95.8,4100,https://en.wikipedia.org/wiki/Arlington_Texas,UTC−6 (CST),https://tools.wmflabs.org/geohack/geohack.php?pagename=List_of_United_States_cities_by_population&params=32.7007_N_97.1247_W_&title=Arlington
49,Tampa, Florida,392890,335709,17.03,113.4,3326,https://en.wikipedia.org/wiki/Tampa_Florida,UTC−5 (EST),https://tools.wmflabs.org/geohack/geohack.php?pagename=List_of_United_States_cities_by_population&params=27.9701_N_82.4797_W_&title=Tampa
50,New Orleans, Louisiana,391006,343829,13.72,169.4,2311,https://en.wikipedia.org/wiki/New_Orleans,UTC−6 (CST),https://tools.wmflabs.org/geohack/geohack.php?pagename=List_of_United_States_cities_by_population&params=30.0534_N_89.9345_W_&title=New+Orleans
51,Wichita, Kansas,389255,382368,1.80,160.4,2431,https://en.wikipedia.org/wiki/Wichita_Kansas,UTC−6 (CST),https://tools.wmflabs.org/geohack/geohack.php?pagename=List_of_United_States_cities_by_population&params=37.6907_N_97.3459_W_&title=Wichita
52,Cleveland, Ohio,383793,396815,3.28,77.7,4965,https://en.wikipedia.org/wiki/Cleveland,UTC−5 (EST),https://tools.wmflabs.org/geohack/geohack.php?pagename=List_of_United_States_cities_by_population&params=41.4785_N_81.6794_W_&title=Cleveland
53,Bakersfield, California,383579,347483,10.39,148.8,2529,https://en.wikipedia.org/wiki/Bakersfield_California,UTC−8 (Pacific),https://tools.wmflabs.org/geohack/geohack.php?pagename=List_of_United_States_cities_by_population&params=35.3212_N_119.0183_W_&title=Bakersfield
54,Aurora, Colorado,374114,325078,15.08,153.5,2356,https://en.wikipedia.org/wiki/Aurora_Colorado,UTC−7 (MST),https://tools.wmflabs.org/geohack/geohack.php?pagename=List_of_United_States_cities_by_population&params=39.6880_N_104.6897_W_&title=Aurora
55,Anaheim, California,352005,336265,4.68,50.0,7021,https://en.wikipedia.org/wiki/Anaheim_California,UTC−8 (Pacific),https://tools.wmflabs.org/geohack/geohack.php?pagename=List_of_United_States_cities_by_population&params=33.8555_N_117.7601_W_&title=Anaheim
56,Honolulu, Hawaii,347397,337256,3.01,60.5,5815,https://en.wikipedia.org/wiki/Honolulu,UTC−10 (Hawaiian (HST)),https://tools.wmflabs.org/geohack/geohack.php?pagename=List_of_United_States_cities_by_population&params=21.3243_N_157.8476_W_&title=Honolulu
57,Santa Ana, California,332725,324528,2.53,27.1,12333,https://en.wikipedia.org/wiki/Santa_Ana_California,UTC−8 (Pacific),https://tools.wmflabs.org/geohack/geohack.php?pagename=List_of_United_States_cities_by_population&params=33.7363_N_117.8830_W_&title=Santa+Ana
58,Riverside, California,330063,303871,8.62,81.2,3999,https://en.wikipedia.org/wiki/Riverside_California,UTC−8 (Pacific),https://tools.wmflabs.org/geohack/geohack.php?pagename=List_of_United_States_cities_by_population&params=33.9381_N_117.3932_W_&title=Riverside
59,Corpus Christi, Texas,326554,305215,6.99,174.6,1866,https://en.wikipedia.org/wiki/Corpus_Christi_Texas,UTC−6 (CST),https://tools.wmflabs.org/geohack/geohack.php?pagename=List_of_United_States_cities_by_population&params=27.7543_N_97.1734_W_&title=Corpus+Christi
60,Lexington, Kentucky,323780,295803,9.46,283.6,1123,https://en.wikipedia.org/wiki/Lexington_Kentucky,UTC−5 (EST),https://tools.wmflabs.org/geohack/geohack.php?pagename=List_of_United_States_cities_by_population&params=38.0407_N_84.4583_W_&title=Lexington
61,Stockton, California,311178,291707,6.67,61.7,4977,https://en.wikipedia.org/wiki/Stockton_California,UTC−8 (Pacific),https://tools.wmflabs.org/geohack/geohack.php?pagename=List_of_United_States_cities_by_population&params=37.9763_N_121.3133_W_&title=Stockton
62,Henderson, Nevada,310390,257729,20.43,104.7,2798,https://en.wikipedia.org/wiki/Henderson_Nevada,UTC−8 (PST),https://tools.wmflabs.org/geohack/geohack.php?pagename=List_of_United_States_cities_by_population&params=36.0097_N_115.0357_W_&title=Henderson
63,Saint Paul, Minnesota,307695,285068,7.94,52.0,5815,https://en.wikipedia.org/wiki/Saint_Paul_Minnesota,UTC−6 (CST),https://tools.wmflabs.org/geohack/geohack.php?pagename=List_of_United_States_cities_by_population&params=44.9489_N_93.1041_W_&title=Saint+Paul
64,St. Louis, Missouri,302838,319294,5.15,62.0,5023,https://en.wikipedia.org/wiki/St._Louis,UTC−6 (CST),https://tools.wmflabs.org/geohack/geohack.php?pagename=List_of_United_States_cities_by_population&params=38.6357_N_90.2446_W_&title=St.+Louis
65,Cincinnati, Ohio,302605,296943,1.91,77.4,3860,https://en.wikipedia.org/wiki/Cincinnati,UTC−5 (EST),https://tools.wmflabs.org/geohack/geohack.php?pagename=List_of_United_States_cities_by_population&params=39.1402_N_84.5058_W_&title=Cincinnati
66,Pittsburgh, Pennsylvania,301048,305704,1.52,55.4,5481,https://en.wikipedia.org/wiki/Pittsburgh,UTC−5 (Eastern Standard Time),https://tools.wmflabs.org/geohack/geohack.php?pagename=List_of_United_States_cities_by_population&params=40.4398_N_79.9766_W_&title=Pittsburgh
67,Greensboro, North Carolina,294722,269666,9.29,128.3,2237,https://en.wikipedia.org/wiki/Greensboro_North_Carolina,UTC−5 (EST),https://tools.wmflabs.org/geohack/geohack.php?pagename=List_of_United_States_cities_by_population&params=36.0951_N_79.8270_W_&title=Greensboro
68,Anchorage, Alaska,291538,291826,0.10,1706.6,175,https://en.wikipedia.org/wiki/Anchorage_Alaska,UTC-9 (AKST),https://tools.wmflabs.org/geohack/geohack.php?pagename=List_of_United_States_cities_by_population&params=61.1743_N_149.2843_W_&title=Anchorage
69,Plano, Texas,288061,259841,10.86,71.7,3990,https://en.wikipedia.org/wiki/Plano_Texas,UTC−6 (CST),https://tools.wmflabs.org/geohack/geohack.php?pagename=List_of_United_States_cities_by_population&params=33.0508_N_96.7479_W_&title=Plano
70,Lincoln, Nebraska,287401,258379,11.23,92.1,3044,https://en.wikipedia.org/wiki/Lincoln_Nebraska,UTC-6 (CST),https://tools.wmflabs.org/geohack/geohack.php?pagename=List_of_United_States_cities_by_population&params=40.8105_N_96.6803_W_&title=Lincoln
71,Orlando, Florida,285713,238300,19.90,105.2,2635,https://en.wikipedia.org/wiki/Orlando_Florida,UTC−5 (Eastern (EST)),https://tools.wmflabs.org/geohack/geohack.php?pagename=List_of_United_States_cities_by_population&params=28.4166_N_81.2736_W_&title=Orlando
72,Irvine, California,282572,212375,33.05,65.6,4057,https://en.wikipedia.org/wiki/Irvine_California,UTC−8 (Pacific),https://tools.wmflabs.org/geohack/geohack.php?pagename=List_of_United_States_cities_by_population&params=33.6784_N_117.7713_W_&title=Irvine
73,Newark, New Jersey,282090,277140,1.79,24.1,11691,https://en.wikipedia.org/wiki/Newark_New_Jersey,UTC−5 (Eastern (EST)),https://tools.wmflabs.org/geohack/geohack.php?pagename=List_of_United_States_cities_by_population&params=40.7242_N_74.1726_W_&title=Newark
74,Toledo, Ohio,274975,287208,4.26,80.7,3451,https://en.wikipedia.org/wiki/Toledo_Ohio,UTC−5 (EST),https://tools.wmflabs.org/geohack/geohack.php?pagename=List_of_United_States_cities_by_population&params=41.6641_N_83.5819_W_&title=Toledo
75,Durham, North Carolina,274291,228330,20.13,109.8,2395,https://en.wikipedia.org/wiki/Durham_North_Carolina,UTC−5 (EST),https://tools.wmflabs.org/geohack/geohack.php?pagename=List_of_United_States_cities_by_population&params=35.9811_N_78.9029_W_&title=Durham
76,Chula Vista, California,271651,243916,11.37,49.6,5387,https://en.wikipedia.org/wiki/Chula_Vista_California,UTC-8 (PST),https://tools.wmflabs.org/geohack/geohack.php?pagename=List_of_United_States_cities_by_population&params=32.6277_N_117.0152_W_&title=Chula+Vista
77,Fort Wayne, Indiana,267633,253691,5.50,110.6,2391,https://en.wikipedia.org/wiki/Fort_Wayne_Indiana,UTC−05:00 (EST),https://tools.wmflabs.org/geohack/geohack.php?pagename=List_of_United_States_cities_by_population&params=41.0882_N_85.1439_W_&title=Fort+Wayne
78,Jersey City, New Jersey,265549,247597,7.25,14.8,17848,https://en.wikipedia.org/wiki/Jersey_City_New_Jersey,UTC−5 (EST),https://tools.wmflabs.org/geohack/geohack.php?pagename=List_of_United_States_cities_by_population&params=40.7114_N_74.0648_W_&title=Jersey+City
79,St. Petersburg, Florida,265098,244769,8.31,61.8,4223,https://en.wikipedia.org/wiki/St._Petersburg_Florida,UTC−5 (Eastern (EST)),https://tools.wmflabs.org/geohack/geohack.php?pagename=List_of_United_States_cities_by_population&params=27.7620_N_82.6441_W_&title=St.+Petersburg
80,Laredo, Texas,261639,236091,10.82,101.1,2544,https://en.wikipedia.org/wiki/Laredo_Texas,UTC−6 (CST),https://tools.wmflabs.org/geohack/geohack.php?pagename=List_of_United_States_cities_by_population&params=27.5604_N_99.4892_W_&title=Laredo
81,Madison, Wisconsin,258054,233209,10.65,77.0,3280,https://en.wikipedia.org/wiki/Madison_Wisconsin,UTC−6 (Central),https://tools.wmflabs.org/geohack/geohack.php?pagename=List_of_United_States_cities_by_population&params=43.0878_N_89.4299_W_&title=Madison
82,Chandler, Arizona,257165,236123,8.91,64.9,3813,https://en.wikipedia.org/wiki/Chandler_Arizona,UTC−7 (MST (no DST)),https://tools.wmflabs.org/geohack/geohack.php?pagename=List_of_United_States_cities_by_population&params=33.2829_N_111.8549_W_&title=Chandler
83,Buffalo, New York,256304,261310,1.92,40.4,6359,https://en.wikipedia.org/wiki/Buffalo_New_York,UTC−05:00 (EST),https://tools.wmflabs.org/geohack/geohack.php?pagename=List_of_United_States_cities_by_population&params=42.8925_N_78.8597_W_&title=Buffalo
84,Lubbock, Texas,255885,229573,11.46,124.6,2027,https://en.wikipedia.org/wiki/Lubbock_Texas,UTC−6 (CST),https://tools.wmflabs.org/geohack/geohack.php?pagename=List_of_United_States_cities_by_population&params=33.5656_N_101.8867_W_&title=Lubbock
85,Scottsdale, Arizona,255310,217385,17.45,183.9,1341,https://en.wikipedia.org/wiki/Scottsdale_Arizona,UTC−7 (MST (no DST)),https://tools.wmflabs.org/geohack/geohack.php?pagename=List_of_United_States_cities_by_population&params=33.6843_N_111.8611_W_&title=Scottsdale
86,Reno, Nevada,250998,225221,11.45,107.3,2286,https://en.wikipedia.org/wiki/Reno_Nevada,UTC−8 (Pacific (PST)),https://tools.wmflabs.org/geohack/geohack.php?pagename=List_of_United_States_cities_by_population&params=39.5491_N_119.8499_W_&title=Reno
87,Glendale, Arizona,250702,226721,10.58,59.1,4161,https://en.wikipedia.org/wiki/Glendale_Arizona,UTC-7 (MST (no DST)),https://tools.wmflabs.org/geohack/geohack.php?pagename=List_of_United_States_cities_by_population&params=33.5331_N_112.1899_W_&title=Glendale
88,Gilbert, Arizona,248279,208453,19.11,68.0,3487,https://en.wikipedia.org/wiki/Gilbert_Arizona,UTC-7 (MST (no DST)),https://tools.wmflabs.org/geohack/geohack.php?pagename=List_of_United_States_cities_by_population&params=33.3103_N_111.7431_W_&title=Gilbert
89,Winston–Salem, North Carolina,246328,229617,7.28,132.5,1828,https://en.wikipedia.org/wiki/Winston%E2%80%93Salem_North_Carolina,UTC−5 (Eastern),https://tools.wmflabs.org/geohack/geohack.php?pagename=List_of_United_States_cities_by_population&params=36.1027_N_80.2610_W_&title=Winston-Salem
90,North Las Vegas, Nevada,245949,216961,13.36,98.0,2436,https://en.wikipedia.org/wiki/North_Las_Vegas_Nevada,UTC-8 (PST),https://tools.wmflabs.org/geohack/geohack.php?pagename=List_of_United_States_cities_by_population&params=36.2857_N_115.0939_W_&title=North+Las+Vegas
91,Norfolk, Virginia,244076,242803,0.52,53.3,4599,https://en.wikipedia.org/wiki/Norfolk_Virginia,UTC−5 (EST),https://tools.wmflabs.org/geohack/geohack.php?pagename=List_of_United_States_cities_by_population&params=36.9230_N_76.2446_W_&title=Norfolk
92,Chesapeake, Virginia,242634,222209,9.19,338.5,703,https://en.wikipedia.org/wiki/Chesapeake_Virginia,UTC−5 (EST),https://tools.wmflabs.org/geohack/geohack.php?pagename=List_of_United_States_cities_by_population&params=36.6794_N_76.3018_W_&title=Chesapeake
93,Garland, Texas,242507,226876,6.89,57.0,4122,https://en.wikipedia.org/wiki/Garland_Texas,UTC-6 (CST),https://tools.wmflabs.org/geohack/geohack.php?pagename=List_of_United_States_cities_by_population&params=32.9098_N_96.6303_W_&title=Garland
94,Irving, Texas,242242,216290,12.00,67.0,3557,https://en.wikipedia.org/wiki/Irving_Texas,UTC-6 (CST),https://tools.wmflabs.org/geohack/geohack.php?pagename=List_of_United_States_cities_by_population&params=32.8577_N_96.9700_W_&title=Irving
95,Hialeah, Florida,238942,224669,6.35,21.5,10995,https://en.wikipedia.org/wiki/Hialeah_Florida,UTC−5 (EST),https://tools.wmflabs.org/geohack/geohack.php?pagename=List_of_United_States_cities_by_population&params=25.8699_N_80.3029_W_&title=Hialeah
96,Fremont, California,237807,214089,11.08,77.5,3008,https://en.wikipedia.org/wiki/Fremont_California,UTC−8 (Pacific),https://tools.wmflabs.org/geohack/geohack.php?pagename=List_of_United_States_cities_by_population&params=37.4945_N_121.9412_W_&title=Fremont
97,Boise, Idaho,228790,205671,11.24,82.1,2718,https://en.wikipedia.org/wiki/Boise_Idaho,UTC−7 (MST),https://tools.wmflabs.org/geohack/geohack.php?pagename=List_of_United_States_cities_by_population&params=43.6002_N_116.2317_W_&title=Boise
98,Richmond, Virginia,228783,204214,12.03,59.8,3732,https://en.wikipedia.org/wiki/Richmond_Virginia,UTC-5 (EST),https://tools.wmflabs.org/geohack/geohack.php?pagename=List_of_United_States_cities_by_population&params=37.5314_N_77.4760_W_&title=Richmond
99,Baton Rouge, Louisiana,221599,229493,3.44,85.9,2651,https://en.wikipedia.org/wiki/Baton_Rouge_Louisiana,UTC−6 (CST),https://tools.wmflabs.org/geohack/geohack.php?pagename=List_of_United_States_cities_by_population&params=30.4422_N_91.1309_W_&title=Baton+Rouge
100,Spokane, Washington,219190,208916,4.92,68.7,3144,https://en.wikipedia.org/wiki/Spokane_Washington,UTC−8 (PST),https://tools.wmflabs.org/geohack/geohack.php?pagename=List_of_United_States_cities_by_population&params=47.6669_N_117.4333_W_&title=Spokane
101,Des Moines, Iowa,216853,203433,6.60,88.9,2424,https://en.wikipedia.org/wiki/Des_Moines_Iowa,UTC-6 (CST),https://tools.wmflabs.org/geohack/geohack.php?pagename=List_of_United_States_cities_by_population&params=41.5726_N_93.6102_W_&title=Des+Moines
102,Tacoma, Washington,216279,198397,9.01,49.7,4251,https://en.wikipedia.org/wiki/Tacoma_Washington,UTC−8 (PST),https://tools.wmflabs.org/geohack/geohack.php?pagename=List_of_United_States_cities_by_population&params=47.2522_N_122.4598_W_&title=Tacoma
103,San Bernardino, California,215941,209924,2.87,61.5,3516,https://en.wikipedia.org/wiki/San_Bernardino_California,UTC−8 (Pacific),https://tools.wmflabs.org/geohack/geohack.php?pagename=List_of_United_States_cities_by_population&params=34.1416_N_117.2936_W_&title=San+Bernardino
104,Modesto, California,215030,201165,6.89,43.0,4934,https://en.wikipedia.org/wiki/Modesto_California,UTC−8 (Pacific),https://tools.wmflabs.org/geohack/geohack.php?pagename=List_of_United_States_cities_by_population&params=37.6375_N_121.0030_W_&title=Modesto
105,Fontana, California,213739,196069,9.01,43.0,4876,https://en.wikipedia.org/wiki/Fontana_California,UTC-8 (PST),https://tools.wmflabs.org/geohack/geohack.php?pagename=List_of_United_States_cities_by_population&params=34.1090_N_117.4629_W_&title=Fontana
106,Santa Clarita, California,210089,176320,19.15,52.8,3446,https://en.wikipedia.org/wiki/Santa_Clarita_California,UTC−08:00 (Pacific),https://tools.wmflabs.org/geohack/geohack.php?pagename=List_of_United_States_cities_by_population&params=34.4030_N_118.5042_W_&title=Santa+Clarita
107,Birmingham, Alabama,209880,212237,1.11,146.1,1452,https://en.wikipedia.org/wiki/Birmingham_Alabama,UTC−6 (CST),https://tools.wmflabs.org/geohack/geohack.php?pagename=List_of_United_States_cities_by_population&params=33.5274_N_86.7990_W_&title=Birmingham
108,Oxnard, California,209877,197899,6.05,26.9,7729,https://en.wikipedia.org/wiki/Oxnard_California,UTC−8 (Pacific),https://tools.wmflabs.org/geohack/geohack.php?pagename=List_of_United_States_cities_by_population&params=34.2023_N_119.2046_W_&title=Oxnard
109,Fayetteville, North Carolina,209468,200564,4.44,147.7,1386,https://en.wikipedia.org/wiki/Fayetteville_North_Carolina,UTC−5 (Eastern (EST)),https://tools.wmflabs.org/geohack/geohack.php?pagename=List_of_United_States_cities_by_population&params=35.0828_N_78.9735_W_&title=Fayetteville
110,Moreno Valley, California,209050,193365,8.11,51.3,4006,https://en.wikipedia.org/wiki/Moreno_Valley_California,UTC−8 (Pacific),https://tools.wmflabs.org/geohack/geohack.php?pagename=List_of_United_States_cities_by_population&params=33.9233_N_117.2057_W_&title=Moreno+Valley
111,Rochester, New York,206284,210565,2.03,35.8,5835,https://en.wikipedia.org/wiki/Rochester_New_York,UTC−5 (EST),https://tools.wmflabs.org/geohack/geohack.php?pagename=List_of_United_States_cities_by_population&params=43.1699_N_77.6169_W_&title=Rochester
112,Glendale, California,201361,191719,5.03,30.4,6606,https://en.wikipedia.org/wiki/Glendale_California,UTC−8 (Pacific),https://tools.wmflabs.org/geohack/geohack.php?pagename=List_of_United_States_cities_by_population&params=34.1814_N_118.2458_W_&title=Glendale
113,Huntington Beach, California,200641,189992,5.60,26.9,7459,https://en.wikipedia.org/wiki/Huntington_Beach_California,UTC−8 (Pacific),https://tools.wmflabs.org/geohack/geohack.php?pagename=List_of_United_States_cities_by_population&params=33.6906_N_118.0093_W_&title=Huntington+Beach
114,Salt Lake City, Utah,200591,186440,7.59,111.2,1742,https://en.wikipedia.org/wiki/Salt_Lake_City,UTC−7 (Mountain),https://tools.wmflabs.org/geohack/geohack.php?pagename=List_of_United_States_cities_by_population&params=40.7769_N_111.9310_W_&title=Salt+Lake+City
115,Grand Rapids, Michigan,200217,188040,6.48,44.4,4424,https://en.wikipedia.org/wiki/Grand_Rapids_Michigan,UTC-5 (EST),https://tools.wmflabs.org/geohack/geohack.php?pagename=List_of_United_States_cities_by_population&params=42.9612_N_85.6556_W_&title=Grand+Rapids
116,Amarillo, Texas,199924,190695,4.84,101.4,1968,https://en.wikipedia.org/wiki/Amarillo_Texas,UTC−6 (CST),https://tools.wmflabs.org/geohack/geohack.php?pagename=List_of_United_States_cities_by_population&params=35.1999_N_101.8302_W_&title=Amarillo
117,Yonkers, New York,199663,195976,1.88,18.0,11156,https://en.wikipedia.org/wiki/Yonkers_New_York,UTC-5 (EST),https://tools.wmflabs.org/geohack/geohack.php?pagename=List_of_United_States_cities_by_population&params=40.9459_N_73.8674_W_&title=Yonkers
118,Aurora, Illinois,199602,197899,0.86,44.9,4479,https://en.wikipedia.org/wiki/Aurora_Illinois,UTC−6 (CST),https://tools.wmflabs.org/geohack/geohack.php?pagename=List_of_United_States_cities_by_population&params=41.7635_N_88.2901_W_&title=Aurora
119,Montgomery, Alabama,198218,205764,3.67,159.8,1252,https://en.wikipedia.org/wiki/Montgomery_Alabama,UTC−6 (CST),https://tools.wmflabs.org/geohack/geohack.php?pagename=List_of_United_States_cities_by_population&params=32.3472_N_86.2661_W_&title=Montgomery
120,Akron, Ohio,198006,199110,0.55,62.0,3188,https://en.wikipedia.org/wiki/Akron_Ohio,UTC-5 (Eastern (EST)),https://tools.wmflabs.org/geohack/geohack.php?pagename=List_of_United_States_cities_by_population&params=41.0805_N_81.5214_W_&title=Akron
121,Little Rock, Arkansas,197881,193524,2.25,118.7,1673,https://en.wikipedia.org/wiki/Little_Rock_Arkansas,UTC-6 (CST),https://tools.wmflabs.org/geohack/geohack.php?pagename=List_of_United_States_cities_by_population&params=34.7254_N_92.3586_W_&title=Little+Rock
122,Huntsville, Alabama,197318,180105,9.56,213.4,905,https://en.wikipedia.org/wiki/Huntsville_Alabama,UTC−6 (CST),https://tools.wmflabs.org/geohack/geohack.php?pagename=List_of_United_States_cities_by_population&params=34.6990_N_86.6730_W_&title=Huntsville
123,Augusta, Georgia,196939,195844,0.56,302.5,652,https://en.wikipedia.org/wiki/Augusta_Georgia,UTC-5 (EST),https://tools.wmflabs.org/geohack/geohack.php?pagename=List_of_United_States_cities_by_population&params=33.3655_N_82.0734_W_&title=Augusta
124,Port St. Lucie, Florida,195248,164603,18.62,118.9,1557,https://en.wikipedia.org/wiki/Port_St._Lucie_Florida,UTC−5 (Eastern (EST)),https://tools.wmflabs.org/geohack/geohack.php?pagename=List_of_United_States_cities_by_population&params=27.2806_N_80.3883_W_&title=Port+St.+Lucie
125,Grand Prairie, Texas,194614,175396,10.96,72.3,2637,https://en.wikipedia.org/wiki/Grand_Prairie_Texas,UTC-6 (CST),https://tools.wmflabs.org/geohack/geohack.php?pagename=List_of_United_States_cities_by_population&params=32.6869_N_97.0211_W_&title=Grand+Prairie
126,Columbus, Georgia,194160,189885,2.25,216.4,913,https://en.wikipedia.org/wiki/Columbus_Georgia,UTC−5 (EST),https://tools.wmflabs.org/geohack/geohack.php?pagename=List_of_United_States_cities_by_population&params=32.5102_N_84.8749_W_&title=Columbus
127,Tallahassee, Florida,193551,181376,6.71,100.4,1901,https://en.wikipedia.org/wiki/Tallahassee_Florida,UTC−5 (Eastern (EST)),https://tools.wmflabs.org/geohack/geohack.php?pagename=List_of_United_States_cities_by_population&params=30.4551_N_84.2534_W_&title=Tallahassee
128,Overland Park, Kansas,192536,173372,11.05,75.1,2516,https://en.wikipedia.org/wiki/Overland_Park_Kansas,UTC-6 (CST),https://tools.wmflabs.org/geohack/geohack.php?pagename=List_of_United_States_cities_by_population&params=38.8890_N_94.6906_W_&title=Overland+Park
129,Tempe, Arizona,192364,161719,18.95,40.0,4562,https://en.wikipedia.org/wiki/Tempe_Arizona,UTC−7 (MST (no DST)),https://tools.wmflabs.org/geohack/geohack.php?pagename=List_of_United_States_cities_by_population&params=33.3884_N_111.9318_W_&title=Tempe
130,McKinney, Texas,191645,131117,46.16,63.0,2735,https://en.wikipedia.org/wiki/McKinney_Texas,UTC−6 (CST),https://tools.wmflabs.org/geohack/geohack.php?pagename=List_of_United_States_cities_by_population&params=33.1985_N_96.6680_W_&title=McKinney
131,Mobile, Alabama,189572,195111,2.84,139.4,1384,https://en.wikipedia.org/wiki/Mobile_Alabama,UTC−6 (CST),https://tools.wmflabs.org/geohack/geohack.php?pagename=List_of_United_States_cities_by_population&params=30.6684_N_88.1002_W_&title=Mobile
132,Cape Coral, Florida,189343,154305,22.71,105.6,1703,https://en.wikipedia.org/wiki/Cape_Coral_Florida,UTC−05:00 (EST),https://tools.wmflabs.org/geohack/geohack.php?pagename=List_of_United_States_cities_by_population&params=26.6432_N_81.9974_W_&title=Cape+Coral
133,Shreveport, Louisiana,188987,199311,5.18,107.1,1820,https://en.wikipedia.org/wiki/Shreveport_Louisiana,UTC−6 (CST),https://tools.wmflabs.org/geohack/geohack.php?pagename=List_of_United_States_cities_by_population&params=32.4669_N_93.7922_W_&title=Shreveport
134,Frisco, Texas,188170,116989,60.84,67.7,2417,https://en.wikipedia.org/wiki/Frisco_Texas,UTC-6 (CST),https://tools.wmflabs.org/geohack/geohack.php?pagename=List_of_United_States_cities_by_population&params=33.1554_N_96.8226_W_&title=Frisco
135,Knoxville, Tennessee,187500,178874,4.82,98.5,1891,https://en.wikipedia.org/wiki/Knoxville_Tennessee,UTC−5 (EST),https://tools.wmflabs.org/geohack/geohack.php?pagename=List_of_United_States_cities_by_population&params=35.9707_N_83.9493_W_&title=Knoxville
136,Worcester, Massachusetts,185877,181045,2.67,37.4,4933,https://en.wikipedia.org/wiki/Worcester_Massachusetts,UTC-5 (Eastern),https://tools.wmflabs.org/geohack/geohack.php?pagename=List_of_United_States_cities_by_population&params=42.2695_N_71.8078_W_&title=Worcester
137,Brownsville, Texas,183392,175023,4.78,132.5,1387,https://en.wikipedia.org/wiki/Brownsville_Texas,UTC-6 (CST),https://tools.wmflabs.org/geohack/geohack.php?pagename=List_of_United_States_cities_by_population&params=25.9991_N_97.4550_W_&title=Brownsville
138,Vancouver, Washington,183012,161791,13.12,46.9,3728,https://en.wikipedia.org/wiki/Vancouver_Washington,UTC−8 (Pacific),https://tools.wmflabs.org/geohack/geohack.php?pagename=List_of_United_States_cities_by_population&params=45.6349_N_122.5957_W_&title=Vancouver
139,Fort Lauderdale, Florida,182595,165521,10.32,34.6,5166,https://en.wikipedia.org/wiki/Fort_Lauderdale_Florida,UTC−5 (Eastern (EST)),https://tools.wmflabs.org/geohack/geohack.php?pagename=List_of_United_States_cities_by_population&params=26.1412_N_80.1467_W_&title=Fort+Lauderdale
140,Sioux Falls, South Dakota,181883,153888,18.19,75.4,2312,https://en.wikipedia.org/wiki/Sioux_Falls_South_Dakota,UTC−6 (Central),https://tools.wmflabs.org/geohack/geohack.php?pagename=List_of_United_States_cities_by_population&params=43.5383_N_96.7320_W_&title=Sioux+Falls
141,Ontario, California,181107,163924,10.48,49.9,3471,https://en.wikipedia.org/wiki/Ontario_California,UTC−8 (Pacific),https://tools.wmflabs.org/geohack/geohack.php?pagename=List_of_United_States_cities_by_population&params=34.0394_N_117.6042_W_&title=Ontario
142,Chattanooga, Tennessee,180557,167674,7.68,143.1,1241,https://en.wikipedia.org/wiki/Chattanooga_Tennessee,UTC-5 (EST),https://tools.wmflabs.org/geohack/geohack.php?pagename=List_of_United_States_cities_by_population&params=35.0660_N_85.2484_W_&title=Chattanooga
143,Providence, Rhode Island,179335,178042,0.73,18.4,9740,https://en.wikipedia.org/wiki/Providence_Rhode_Island,UTC−5 (Eastern Time Zone),https://tools.wmflabs.org/geohack/geohack.php?pagename=List_of_United_States_cities_by_population&params=41.8231_N_71.4188_W_&title=Providence
144,Newport News, Virginia,178626,180719,1.16,69.1,2631,https://en.wikipedia.org/wiki/Newport_News_Virginia,UTC−5 (EST),https://tools.wmflabs.org/geohack/geohack.php?pagename=List_of_United_States_cities_by_population&params=37.0762_N_76.5220_W_&title=Newport+News
145,Rancho Cucamonga, California,177751,165269,7.55,40.0,4413,https://en.wikipedia.org/wiki/Rancho_Cucamonga_California,UTC−8 (PST),https://tools.wmflabs.org/geohack/geohack.php?pagename=List_of_United_States_cities_by_population&params=34.1233_N_117.5642_W_&title=Rancho+Cucamonga
146,Santa Rosa, California,177586,167815,5.82,41.3,4241,https://en.wikipedia.org/wiki/Santa_Rosa_California,UTC−8 (Pacific),https://tools.wmflabs.org/geohack/geohack.php?pagename=List_of_United_States_cities_by_population&params=38.4468_N_122.7061_W_&title=Santa+Rosa
147,Oceanside, California,176080,167086,5.38,41.3,4249,https://en.wikipedia.org/wiki/Oceanside_California,UTC−8 (Pacific),https://tools.wmflabs.org/geohack/geohack.php?pagename=List_of_United_States_cities_by_population&params=33.2245_N_117.3062_W_&title=Oceanside
148,Salem, Oregon,173442,154637,12.16,48.6,3445,https://en.wikipedia.org/wiki/Salem_Oregon,UTC−8 (PST),https://tools.wmflabs.org/geohack/geohack.php?pagename=List_of_United_States_cities_by_population&params=44.9237_N_123.0232_W_&title=Salem
149,Elk Grove, California,172886,153015,12.99,42.2,4022,https://en.wikipedia.org/wiki/Elk_Grove_California,UTC-8 (Pacific),https://tools.wmflabs.org/geohack/geohack.php?pagename=List_of_United_States_cities_by_population&params=38.4146_N_121.3850_W_&title=Elk+Grove
150,Garden Grove, California,172646,170883,1.03,18.0,9714,https://en.wikipedia.org/wiki/Garden_Grove_California,UTC-8 (Pacific),https://tools.wmflabs.org/geohack/geohack.php?pagename=List_of_United_States_cities_by_population&params=33.7788_N_117.9605_W_&title=Garden+Grove
151,Pembroke Pines, Florida,172374,154019,11.92,33.0,5109,https://en.wikipedia.org/wiki/Pembroke_Pines_Florida,UTC−5 (Eastern (EST)),https://tools.wmflabs.org/geohack/geohack.php?pagename=List_of_United_States_cities_by_population&params=26.0210_N_80.3404_W_&title=Pembroke+Pines
152,Peoria, Arizona,172259,154065,11.81,175.7,934,https://en.wikipedia.org/wiki/Peoria_Arizona,UTC−7 (MST (no DST)),https://tools.wmflabs.org/geohack/geohack.php?pagename=List_of_United_States_cities_by_population&params=33.7862_N_112.3080_W_&title=Peoria
153,Eugene, Oregon,171245,156185,9.64,44.1,3777,https://en.wikipedia.org/wiki/Eugene_Oregon,UTC-8 (PST),https://tools.wmflabs.org/geohack/geohack.php?pagename=List_of_United_States_cities_by_population&params=44.0567_N_123.1162_W_&title=Eugene
154,Corona, California,168819,152374,10.79,39.5,4222,https://en.wikipedia.org/wiki/Corona_California,UTC-8 (Pacific),https://tools.wmflabs.org/geohack/geohack.php?pagename=List_of_United_States_cities_by_population&params=33.8620_N_117.5655_W_&title=Corona
155,Cary, North Carolina,168160,135234,24.35,56.5,2873,https://en.wikipedia.org/wiki/Cary_North_Carolina,UTC-5 (EST),https://tools.wmflabs.org/geohack/geohack.php?pagename=List_of_United_States_cities_by_population&params=35.7809_N_78.8133_W_&title=Cary
156,Springfield, Missouri,168122,159498,5.41,82.3,2033,https://en.wikipedia.org/wiki/Springfield_Missouri,UTC−6 (CST),https://tools.wmflabs.org/geohack/geohack.php?pagename=List_of_United_States_cities_by_population&params=37.1942_N_93.2913_W_&title=Springfield
157,Fort Collins, Colorado,167830,143986,16.56,55.8,2943,https://en.wikipedia.org/wiki/Fort_Collins_Colorado,UTC−7 (MST),https://tools.wmflabs.org/geohack/geohack.php?pagename=List_of_United_States_cities_by_population&params=40.5482_N_105.0648_W_&title=Fort+Collins
158,Jackson, Mississippi,164422,173514,5.24,111.0,1524,https://en.wikipedia.org/wiki/Jackson_Mississippi,UTC−6 (CST),https://tools.wmflabs.org/geohack/geohack.php?pagename=List_of_United_States_cities_by_population&params=32.3158_N_90.2128_W_&title=Jackson
159,Alexandria, Virginia,160530,139966,14.69,15.0,10387,https://en.wikipedia.org/wiki/Alexandria_Virginia,UTC-5 (EST),https://tools.wmflabs.org/geohack/geohack.php?pagename=List_of_United_States_cities_by_population&params=38.8201_N_77.0841_W_&title=Alexandria
160,Hayward, California,159620,144186,10.70,45.5,3493,https://en.wikipedia.org/wiki/Hayward_California,UTC−8 (Pacific),https://tools.wmflabs.org/geohack/geohack.php?pagename=List_of_United_States_cities_by_population&params=37.6287_N_122.1024_W_&title=Hayward
161,Lancaster, California,159053,156633,1.55,94.3,1698,https://en.wikipedia.org/wiki/Lancaster_California,UTC-8 (Pacific),https://tools.wmflabs.org/geohack/geohack.php?pagename=List_of_United_States_cities_by_population&params=34.6936_N_118.1753_W_&title=Lancaster
162,Lakewood, Colorado,156798,142980,9.66,42.9,3599,https://en.wikipedia.org/wiki/Lakewood_Colorado,UTC-7 (MST),https://tools.wmflabs.org/geohack/geohack.php?pagename=List_of_United_States_cities_by_population&params=39.6989_N_105.1176_W_&title=Lakewood
163,Clarksville, Tennessee,156794,132929,17.95,98.3,1529,https://en.wikipedia.org/wiki/Clarksville_Tennessee,UTC−6 (CST),https://tools.wmflabs.org/geohack/geohack.php?pagename=List_of_United_States_cities_by_population&params=36.5664_N_87.3452_W_&title=Clarksville
164,Palmdale, California,156667,152750,2.56,106.0,1484,https://en.wikipedia.org/wiki/Palmdale_California,UTC−8 (Pacific Time Zone),https://tools.wmflabs.org/geohack/geohack.php?pagename=List_of_United_States_cities_by_population&params=34.5910_N_118.1054_W_&title=Palmdale
165,Salinas, California,156259,150441,3.87,23.6,6662,https://en.wikipedia.org/wiki/Salinas_California,UTC−8 (Pacific),https://tools.wmflabs.org/geohack/geohack.php?pagename=List_of_United_States_cities_by_population&params=36.6902_N_121.6337_W_&title=Salinas
166,Springfield, Massachusetts,155032,153060,1.29,31.9,4830,https://en.wikipedia.org/wiki/Springfield_Massachusetts,UTC−5 (Eastern),https://tools.wmflabs.org/geohack/geohack.php?pagename=List_of_United_States_cities_by_population&params=42.1155_N_72.5400_W_&title=Springfield
167,Hollywood, Florida,154823,140768,9.98,27.3,5568,https://en.wikipedia.org/wiki/Hollywood_Florida,UTC−5 (EST),https://tools.wmflabs.org/geohack/geohack.php?pagename=List_of_United_States_cities_by_population&params=26.0310_N_80.1646_W_&title=Hollywood
168,Pasadena, Texas,153219,149043,2.80,43.5,3525,https://en.wikipedia.org/wiki/Pasadena_Texas,UTC−6 (CST),https://tools.wmflabs.org/geohack/geohack.php?pagename=List_of_United_States_cities_by_population&params=29.6586_N_95.1506_W_&title=Pasadena
169,Sunnyvale, California,153185,140081,9.35,22.0,6944,https://en.wikipedia.org/wiki/Sunnyvale_California,UTC−8 (PST),https://tools.wmflabs.org/geohack/geohack.php?pagename=List_of_United_States_cities_by_population&params=37.3858_N_122.0263_W_&title=Sunnyvale
170,Macon, Georgia,153095,91351,67.59,249.3,612,https://en.wikipedia.org/wiki/Macon_Georgia,UTC−5 (EST),https://tools.wmflabs.org/geohack/geohack.php?pagename=List_of_United_States_cities_by_population&params=32.8088_N_83.6942_W_&title=Macon
171,Kansas City, Kansas,152958,145786,4.92,124.8,1216,https://en.wikipedia.org/wiki/Kansas_City_Kansas,UTC−6 (CST),https://tools.wmflabs.org/geohack/geohack.php?pagename=List_of_United_States_cities_by_population&params=39.1225_N_94.7418_W_&title=Kansas+City
172,Pomona, California,152361,149058,2.22,23.0,6630,https://en.wikipedia.org/wiki/Pomona_California,UTC−8 (Pacific),https://tools.wmflabs.org/geohack/geohack.php?pagename=List_of_United_States_cities_by_population&params=34.0585_N_117.7611_W_&title=Pomona
173,Escondido, California,152213,143911,5.77,37.1,4087,https://en.wikipedia.org/wiki/Escondido_California,UTC−8 (Pacific),https://tools.wmflabs.org/geohack/geohack.php?pagename=List_of_United_States_cities_by_population&params=33.1331_N_117.0740_W_&title=Escondido
174,Killeen, Texas,149103,127921,16.56,53.5,2680,https://en.wikipedia.org/wiki/Killeen_Texas,UTC-6 (Central (CST)),https://tools.wmflabs.org/geohack/geohack.php?pagename=List_of_United_States_cities_by_population&params=31.0777_N_97.7320_W_&title=Killeen
175,Naperville, Illinois,148304,141853,4.55,38.7,3802,https://en.wikipedia.org/wiki/Naperville_Illinois,UTC−6 (CST),https://tools.wmflabs.org/geohack/geohack.php?pagename=List_of_United_States_cities_by_population&params=41.7492_N_88.1620_W_&title=Naperville
176,Joliet, Illinois,148099,147433,0.45,64.4,2302,https://en.wikipedia.org/wiki/Joliet_Illinois,UTC-6 (CST),https://tools.wmflabs.org/geohack/geohack.php?pagename=List_of_United_States_cities_by_population&params=41.5177_N_88.1488_W_&title=Joliet
177,Bellevue, Washington,147599,122363,20.62,33.5,4221,https://en.wikipedia.org/wiki/Bellevue_Washington,UTC−8 (PST),https://tools.wmflabs.org/geohack/geohack.php?pagename=List_of_United_States_cities_by_population&params=47.5979_N_122.1565_W_&title=Bellevue
178,Rockford, Illinois,146526,152871,4.15,63.5,2325,https://en.wikipedia.org/wiki/Rockford_Illinois,UTC−6 (CST),https://tools.wmflabs.org/geohack/geohack.php?pagename=List_of_United_States_cities_by_population&params=42.2588_N_89.0646_W_&title=Rockford
179,Savannah, Georgia,145862,136286,7.03,103.6,1417,https://en.wikipedia.org/wiki/Savannah_Georgia,UTC−5 (EST),https://tools.wmflabs.org/geohack/geohack.php?pagename=List_of_United_States_cities_by_population&params=32.0025_N_81.1536_W_&title=Savannah
180,Paterson, New Jersey,145627,146199,0.39,8.4,17500,https://en.wikipedia.org/wiki/Paterson_New_Jersey,UTC−5 (Eastern (EST)),https://tools.wmflabs.org/geohack/geohack.php?pagename=List_of_United_States_cities_by_population&params=40.9148_N_74.1628_W_&title=Paterson
181,Torrance, California,145182,145438,0.18,20.5,7180,https://en.wikipedia.org/wiki/Torrance_California,UTC−8 (Pacific),https://tools.wmflabs.org/geohack/geohack.php?pagename=List_of_United_States_cities_by_population&params=33.8350_N_118.3414_W_&title=Torrance
182,Bridgeport, Connecticut,144900,144229,0.47,16.1,9064,https://en.wikipedia.org/wiki/Bridgeport_Connecticut,UTC-5 (Eastern),https://tools.wmflabs.org/geohack/geohack.php?pagename=List_of_United_States_cities_by_population&params=41.1874_N_73.1958_W_&title=Bridgeport
183,McAllen, Texas,143433,129877,10.44,58.4,2435,https://en.wikipedia.org/wiki/McAllen_Texas,UTC−6 (CST),https://tools.wmflabs.org/geohack/geohack.php?pagename=List_of_United_States_cities_by_population&params=26.2322_N_98.2464_W_&title=McAllen
184,Mesquite, Texas,142816,139824,2.14,47.2,3045,https://en.wikipedia.org/wiki/Mesquite_Texas,UTC-6 (CST),https://tools.wmflabs.org/geohack/geohack.php?pagename=List_of_United_States_cities_by_population&params=32.7629_N_96.5888_W_&title=Mesquite
185,Syracuse, New York,142749,145170,1.67,25.0,5735,https://en.wikipedia.org/wiki/Syracuse_New_York,UTC−5 (Eastern),https://tools.wmflabs.org/geohack/geohack.php?pagename=List_of_United_States_cities_by_population&params=43.0410_N_76.1436_W_&title=Syracuse
186,Midland, Texas,142344,111147,28.07,74.4,1809,https://en.wikipedia.org/wiki/Midland_Texas,UTC−6 (CST),https://tools.wmflabs.org/geohack/geohack.php?pagename=List_of_United_States_cities_by_population&params=32.0246_N_102.1135_W_&title=Midland
187,Pasadena, California,141371,137122,3.10,23.0,6176,https://en.wikipedia.org/wiki/Pasadena_California,UTC−8 (Pacific),https://tools.wmflabs.org/geohack/geohack.php?pagename=List_of_United_States_cities_by_population&params=34.1606_N_118.1396_W_&title=Pasadena
188,Murfreesboro, Tennessee,141344,108755,29.97,55.9,2360,https://en.wikipedia.org/wiki/Murfreesboro_Tennessee,UTC−6 (CST),https://tools.wmflabs.org/geohack/geohack.php?pagename=List_of_United_States_cities_by_population&params=35.8522_N_86.4160_W_&title=Murfreesboro
189,Miramar, Florida,140823,122041,15.39,29.4,4709,https://en.wikipedia.org/wiki/Miramar_Florida,UTC-5 (EST),https://tools.wmflabs.org/geohack/geohack.php?pagename=List_of_United_States_cities_by_population&params=25.9770_N_80.3358_W_&title=Miramar
190,Dayton, Ohio,140640,141527,0.63,55.7,2522,https://en.wikipedia.org/wiki/Dayton_Ohio,UTC-5 (EST),https://tools.wmflabs.org/geohack/geohack.php?pagename=List_of_United_States_cities_by_population&params=39.7774_N_84.1996_W_&title=Dayton
191,Fullerton, California,139640,135161,3.31,22.4,6282,https://en.wikipedia.org/wiki/Fullerton_California,UTC-8 (PST),https://tools.wmflabs.org/geohack/geohack.php?pagename=List_of_United_States_cities_by_population&params=33.8857_N_117.9280_W_&title=Fullerton
192,Olathe, Kansas,139605,125872,10.91,60.9,2225,https://en.wikipedia.org/wiki/Olathe_Kansas,UTC-6 (CST),https://tools.wmflabs.org/geohack/geohack.php?pagename=List_of_United_States_cities_by_population&params=38.8843_N_94.8195_W_&title=Olathe
193,Orange, California,139484,136416,2.25,25.4,5532,https://en.wikipedia.org/wiki/Orange_California,UTC−08:00 (Pacific),https://tools.wmflabs.org/geohack/geohack.php?pagename=List_of_United_States_cities_by_population&params=33.7870_N_117.8613_W_&title=Orange
194,Thornton, Colorado,139436,118772,17.40,35.7,3829,https://en.wikipedia.org/wiki/Thornton_Colorado,UTC−7 (MST),https://tools.wmflabs.org/geohack/geohack.php?pagename=List_of_United_States_cities_by_population&params=39.9194_N_104.9428_W_&title=Thornton
195,Roseville, California,139117,118788,17.11,43.0,3085,https://en.wikipedia.org/wiki/Roseville_California,UTC−8 (Pacific),https://tools.wmflabs.org/geohack/geohack.php?pagename=List_of_United_States_cities_by_population&params=38.7690_N_121.3189_W_&title=Roseville
196,Denton, Texas,138541,113383,22.19,93.4,1433,https://en.wikipedia.org/wiki/Denton_Texas,UTC-6 (CST),https://tools.wmflabs.org/geohack/geohack.php?pagename=List_of_United_States_cities_by_population&params=33.2166_N_97.1414_W_&title=Denton
197,Waco, Texas,138183,124805,10.72,89.0,1510,https://en.wikipedia.org/wiki/Waco_Texas,UTC−6 (Central),https://tools.wmflabs.org/geohack/geohack.php?pagename=List_of_United_States_cities_by_population&params=31.5601_N_97.1860_W_&title=Waco
198,Surprise, Arizona,138161,117517,17.57,107.9,1230,https://en.wikipedia.org/wiki/Surprise_Arizona,UTC-7 (MST (no DST)),https://tools.wmflabs.org/geohack/geohack.php?pagename=List_of_United_States_cities_by_population&params=33.6706_N_112.4527_W_&title=Surprise
199,Carrollton, Texas,136879,119097,14.93,36.3,3674,https://en.wikipedia.org/wiki/Carrollton_Texas,UTC-6 (Central),https://tools.wmflabs.org/geohack/geohack.php?pagename=List_of_United_States_cities_by_population&params=32.9884_N_96.8998_W_&title=Carrollton
200,West Valley City, Utah,136401,129480,5.35,35.5,3847,https://en.wikipedia.org/wiki/West_Valley_City_Utah,UTC−7 (Mountain (MST)),https://tools.wmflabs.org/geohack/geohack.php?pagename=List_of_United_States_cities_by_population&params=40.6885_N_112.0118_W_&title=West+Valley+City
201,Charleston, South Carolina,136208,120083,13.43,109.0,1233,https://en.wikipedia.org/wiki/Charleston_South_Carolina,UTC-5 (EST),https://tools.wmflabs.org/geohack/geohack.php?pagename=List_of_United_States_cities_by_population&params=32.8179_N_79.9590_W_&title=Charleston
202,Warren, Michigan,134587,134056,0.40,34.4,3928,https://en.wikipedia.org/wiki/Warren_Michigan,UTC-5 (Eastern (EST)),https://tools.wmflabs.org/geohack/geohack.php?pagename=List_of_United_States_cities_by_population&params=42.4929_N_83.0250_W_&title=Warren
203,Hampton, Virginia,134313,137436,2.27,51.5,2629,https://en.wikipedia.org/wiki/Hampton_Virginia,UTC-5 (EST),https://tools.wmflabs.org/geohack/geohack.php?pagename=List_of_United_States_cities_by_population&params=37.0480_N_76.2971_W_&title=Hampton
204,Gainesville, Florida,133857,124354,7.64,62.3,2112,https://en.wikipedia.org/wiki/Gainesville_Florida,UTC−5 (EST),https://tools.wmflabs.org/geohack/geohack.php?pagename=List_of_United_States_cities_by_population&params=29.6788_N_82.3461_W_&title=Gainesville
205,Visalia, California,133800,124442,7.52,37.5,3495,https://en.wikipedia.org/wiki/Visalia_California,UTC-8 (PST),https://tools.wmflabs.org/geohack/geohack.php?pagename=List_of_United_States_cities_by_population&params=36.3273_N_119.3289_W_&title=Visalia
206,Coral Springs, Florida,133507,121096,10.25,23.8,5465,https://en.wikipedia.org/wiki/Coral_Springs_Florida,UTC-5 (EST),https://tools.wmflabs.org/geohack/geohack.php?pagename=List_of_United_States_cities_by_population&params=26.2707_N_80.2593_W_&title=Coral+Springs
207,Columbia, South Carolina,133451,129272,3.23,133.5,1006,https://en.wikipedia.org/wiki/Columbia_South_Carolina,UTC-5 (Eastern (EST)),https://tools.wmflabs.org/geohack/geohack.php?pagename=List_of_United_States_cities_by_population&params=34.0291_N_80.8980_W_&title=Columbia
208,Cedar Rapids, Iowa,133174,126326,5.42,70.8,1852,https://en.wikipedia.org/wiki/Cedar_Rapids_Iowa,UTC-6 (CST),https://tools.wmflabs.org/geohack/geohack.php?pagename=List_of_United_States_cities_by_population&params=41.9670_N_91.6778_W_&title=Cedar+Rapids
209,Sterling Heights, Michigan,132964,129699,2.52,36.5,3628,https://en.wikipedia.org/wiki/Sterling_Heights_Michigan,UTC−5 (Eastern (EST)),https://tools.wmflabs.org/geohack/geohack.php?pagename=List_of_United_States_cities_by_population&params=42.5812_N_83.0303_W_&title=Sterling+Heights
210,New Haven, Connecticut,130418,129779,0.49,18.7,6948,https://en.wikipedia.org/wiki/New_Haven_Connecticut,UTC−5 (Eastern),https://tools.wmflabs.org/geohack/geohack.php?pagename=List_of_United_States_cities_by_population&params=41.3108_N_72.9250_W_&title=New+Haven
211,Stamford, Connecticut,129775,122643,5.82,37.6,3434,https://en.wikipedia.org/wiki/Stamford_Connecticut,UTC-5 (Eastern),https://tools.wmflabs.org/geohack/geohack.php?pagename=List_of_United_States_cities_by_population&params=41.0799_N_73.5460_W_&title=Stamford
212,Concord, California,129688,122067,6.24,30.5,4221,https://en.wikipedia.org/wiki/Concord_California,UTC−8 (Pacific),https://tools.wmflabs.org/geohack/geohack.php?pagename=List_of_United_States_cities_by_population&params=37.9722_N_122.0016_W_&title=Concord
213,Kent, Washington,129618,92411,40.26,33.7,3784,https://en.wikipedia.org/wiki/Kent_Washington,UTC-8 (PST),https://tools.wmflabs.org/geohack/geohack.php?pagename=List_of_United_States_cities_by_population&params=47.3880_N_122.2127_W_&title=Kent
214,Santa Clara, California,129488,116468,11.18,18.4,6845,https://en.wikipedia.org/wiki/Santa_Clara_California,UTC−8 (Pacific),https://tools.wmflabs.org/geohack/geohack.php?pagename=List_of_United_States_cities_by_population&params=37.3646_N_121.9679_W_&title=Santa+Clara
215,Elizabeth, New Jersey,128885,124969,3.13,12.3,10459,https://en.wikipedia.org/wiki/Elizabeth_New_Jersey,UTC−05:00 (Eastern (EST)),https://tools.wmflabs.org/geohack/geohack.php?pagename=List_of_United_States_cities_by_population&params=40.6664_N_74.1935_W_&title=Elizabeth
216,Round Rock, Texas,128739,99887,28.88,35.6,3396,https://en.wikipedia.org/wiki/Round_Rock_Texas,UTC−6 (Central (CST)),https://tools.wmflabs.org/geohack/geohack.php?pagename=List_of_United_States_cities_by_population&params=30.5252_N_97.6660_W_&title=Round+Rock
217,Thousand Oaks, California,127690,126683,0.79,55.2,2335,https://en.wikipedia.org/wiki/Thousand_Oaks_California,UTC−8 (Pacific),https://tools.wmflabs.org/geohack/geohack.php?pagename=List_of_United_States_cities_by_population&params=34.1933_N_118.8742_W_&title=Thousand+Oaks
218,Lafayette, Louisiana,126143,120623,4.58,53.8,2372,https://en.wikipedia.org/wiki/Lafayette_Louisiana,UTC-6 (CST),https://tools.wmflabs.org/geohack/geohack.php?pagename=List_of_United_States_cities_by_population&params=30.2074_N_92.0285_W_&title=Lafayette
219,Athens, Georgia,125964,115452,9.11,116.4,1060,https://en.wikipedia.org/wiki/Athens_Georgia,UTC−5 (EST),https://tools.wmflabs.org/geohack/geohack.php?pagename=List_of_United_States_cities_by_population&params=33.9496_N_83.3701_W_&title=Athens
220,Topeka, Kansas,125904,127473,1.23,61.5,2062,https://en.wikipedia.org/wiki/Topeka_Kansas,UTC-6 (CST),https://tools.wmflabs.org/geohack/geohack.php?pagename=List_of_United_States_cities_by_population&params=39.0347_N_95.6962_W_&title=Topeka
221,Simi Valley, California,125851,124237,1.30,41.5,3044,https://en.wikipedia.org/wiki/Simi_Valley_California,UTC−8 (Pacific),https://tools.wmflabs.org/geohack/geohack.php?pagename=List_of_United_States_cities_by_population&params=34.2669_N_118.7485_W_&title=Simi+Valley
222,Fargo,  North Dakota,124844,105549,18.28,49.3,2450,https://en.wikipedia.org/wiki/Fargo_North_Dakota,UTC-6 (CST),https://tools.wmflabs.org/geohack/geohack.php?pagename=List_of_United_States_cities_by_population&params=46.8652_N_96.8290_W_&title=Fargo
223,Norman, Oklahoma,123471,110925,11.31,178.8,683,https://en.wikipedia.org/wiki/Norman_Oklahoma,UTC−6 (Central (CST)),https://tools.wmflabs.org/geohack/geohack.php?pagename=List_of_United_States_cities_by_population&params=35.2406_N_97.3453_W_&title=Norman
224,Columbia, Missouri,123180,108500,13.53,65.0,1856,https://en.wikipedia.org/wiki/Columbia_Missouri,UTC-6 (CST),https://tools.wmflabs.org/geohack/geohack.php?pagename=List_of_United_States_cities_by_population&params=38.951561_N_92.328638_W_&title=Columbia
225,Abilene, Texas,122999,117063,5.07,106.7,1146,https://en.wikipedia.org/wiki/Abilene_Texas,UTC−6 (CST),https://tools.wmflabs.org/geohack/geohack.php?pagename=List_of_United_States_cities_by_population&params=32.4545_N_99.7381_W_&title=Abilene
226,Wilmington, North Carolina,122607,106476,15.15,51.6,2278,https://en.wikipedia.org/wiki/Wilmington_North_Carolina,UTC−5 (Eastern (EST)),https://tools.wmflabs.org/geohack/geohack.php?pagename=List_of_United_States_cities_by_population&params=34.2092_N_77.8858_W_&title=Wilmington
227,Hartford, Connecticut,122587,124775,1.75,17.4,7083,https://en.wikipedia.org/wiki/Hartford_Connecticut,UTC−5 (EST),https://tools.wmflabs.org/geohack/geohack.php?pagename=List_of_United_States_cities_by_population&params=41.7659_N_72.6816_W_&title=Hartford
228,Victorville, California,122312,115903,5.53,73.3,1668,https://en.wikipedia.org/wiki/Victorville_California,UTC-8 (Pacific Time Zone),https://tools.wmflabs.org/geohack/geohack.php?pagename=List_of_United_States_cities_by_population&params=34.5277_N_117.3536_W_&title=Victorville
229,Pearland, Texas,122149,91252,33.86,46.3,2453,https://en.wikipedia.org/wiki/Pearland_Texas,UTC−6 (Central (CST)),https://tools.wmflabs.org/geohack/geohack.php?pagename=List_of_United_States_cities_by_population&params=29.5558_N_95.3231_W_&title=Pearland
230,Vallejo, California,121913,115942,5.15,30.7,3951,https://en.wikipedia.org/wiki/Vallejo_California,UTC−8 (Pacific),https://tools.wmflabs.org/geohack/geohack.php?pagename=List_of_United_States_cities_by_population&params=38.1079_N_122.2640_W_&title=Vallejo
231,Ann Arbor, Michigan,121890,113934,6.98,28.1,4298,https://en.wikipedia.org/wiki/Ann_Arbor_Michigan,UTC-5 (EST),https://tools.wmflabs.org/geohack/geohack.php?pagename=List_of_United_States_cities_by_population&params=42.2761_N_83.7309_W_&title=Ann+Arbor
232,Berkeley, California,121643,112580,8.05,10.5,11547,https://en.wikipedia.org/wiki/Berkeley_California,UTC−8 (Pacific),https://tools.wmflabs.org/geohack/geohack.php?pagename=List_of_United_States_cities_by_population&params=37.8670_N_122.2991_W_&title=Berkeley
233,Allentown, Pennsylvania,121433,118032,2.88,17.5,6882,https://en.wikipedia.org/wiki/Allentown_Pennsylvania,UTC−5 (EST),https://tools.wmflabs.org/geohack/geohack.php?pagename=List_of_United_States_cities_by_population&params=40.5936_N_75.4784_W_&title=Allentown
234,Richardson, Texas,120981,99223,21.93,28.6,3963,https://en.wikipedia.org/wiki/Richardson_Texas,UTC−6 (CST),https://tools.wmflabs.org/geohack/geohack.php?pagename=List_of_United_States_cities_by_population&params=32.9723_N_96.7081_W_&title=Richardson
235,Odessa, Texas,120568,99940,20.64,45.2,2608,https://en.wikipedia.org/wiki/Odessa_Texas,UTC−6 (CST),https://tools.wmflabs.org/geohack/geohack.php?pagename=List_of_United_States_cities_by_population&params=31.8838_N_102.3411_W_&title=Odessa
236,Arvada, Colorado,120492,106433,13.21,38.6,3043,https://en.wikipedia.org/wiki/Arvada_Colorado,UTC−7 (MST),https://tools.wmflabs.org/geohack/geohack.php?pagename=List_of_United_States_cities_by_population&params=39.8337_N_105.1503_W_&title=Arvada
237,Cambridge, Massachusetts,118977,105162,13.14,6.4,17289,https://en.wikipedia.org/wiki/Cambridge_Massachusetts,UTC−5 (Eastern),https://tools.wmflabs.org/geohack/geohack.php?pagename=List_of_United_States_cities_by_population&params=42.3760_N_71.1187_W_&title=Cambridge
238,Sugar Land, Texas,118600,78817,50.48,34.0,3488,https://en.wikipedia.org/wiki/Sugar_Land_Texas,UTC−6 (Central (CST)),https://tools.wmflabs.org/geohack/geohack.php?pagename=List_of_United_States_cities_by_population&params=29.5994_N_95.6142_W_&title=Sugar+Land
239,Beaumont, Texas,118428,118296,0.11,82.1,1441,https://en.wikipedia.org/wiki/Beaumont_Texas,UTC−6 (CST),https://tools.wmflabs.org/geohack/geohack.php?pagename=List_of_United_States_cities_by_population&params=30.0849_N_94.1453_W_&title=Beaumont
240,Lansing, Michigan,118427,114297,3.61,39.1,2967,https://en.wikipedia.org/wiki/Lansing_Michigan,UTC-5 (EST),https://tools.wmflabs.org/geohack/geohack.php?pagename=List_of_United_States_cities_by_population&params=42.7143_N_84.5593_W_&title=Lansing
241,Evansville, Indiana,117963,117429,0.45,47.3,2526,https://en.wikipedia.org/wiki/Evansville_Indiana,UTC-6 (CST),https://tools.wmflabs.org/geohack/geohack.php?pagename=List_of_United_States_cities_by_population&params=37.9877_N_87.5347_W_&title=Evansville
242,Rochester, Minnesota,116961,106769,9.55,54.6,2088,https://en.wikipedia.org/wiki/Rochester_Minnesota,UTC−6 (CST),https://tools.wmflabs.org/geohack/geohack.php?pagename=List_of_United_States_cities_by_population&params=44.0154_N_92.4772_W_&title=Rochester
243,Independence, Missouri,116925,116830,0.08,77.8,1504,https://en.wikipedia.org/wiki/Independence_Missouri,UTC−6 (Central (CST)),https://tools.wmflabs.org/geohack/geohack.php?pagename=List_of_United_States_cities_by_population&params=39.0855_N_94.3521_W_&title=Independence
244,Fairfield, California,116884,105321,10.98,40.9,2806,https://en.wikipedia.org/wiki/Fairfield_California,UTC−8 (Pacific),https://tools.wmflabs.org/geohack/geohack.php?pagename=List_of_United_States_cities_by_population&params=38.2593_N_122.0321_W_&title=Fairfield
245,Provo, Utah,116702,112488,3.75,41.7,2803,https://en.wikipedia.org/wiki/Provo_Utah,UTC−7 (Mountain (MST)),https://tools.wmflabs.org/geohack/geohack.php?pagename=List_of_United_States_cities_by_population&params=40.2453_N_111.6448_W_&title=Provo
246,Clearwater, Florida,116478,107685,8.17,25.9,4415,https://en.wikipedia.org/wiki/Clearwater_Florida,UTC-5 (Eastern (EST)),https://tools.wmflabs.org/geohack/geohack.php?pagename=List_of_United_States_cities_by_population&params=27.9789_N_82.7666_W_&title=Clearwater
247,College Station, Texas,116218,93857,23.82,51.0,2199,https://en.wikipedia.org/wiki/College_Station_Texas,UTC-6 (CST),https://tools.wmflabs.org/geohack/geohack.php?pagename=List_of_United_States_cities_by_population&params=30.5852_N_96.2964_W_&title=College+Station
248,West Jordan, Utah,116046,103712,11.89,32.3,3520,https://en.wikipedia.org/wiki/West_Jordan_Utah,UTC−7 (Mountain (MST)),https://tools.wmflabs.org/geohack/geohack.php?pagename=List_of_United_States_cities_by_population&params=40.6024_N_112.0008_W_&title=West+Jordan
249,Carlsbad, California,115877,105328,10.02,37.7,3023,https://en.wikipedia.org/wiki/Carlsbad_California,UTC−8 (Pacific),https://tools.wmflabs.org/geohack/geohack.php?pagename=List_of_United_States_cities_by_population&params=33.1239_N_117.2828_W_&title=Carlsbad
250,El Monte, California,115586,113475,1.86,9.6,12063,https://en.wikipedia.org/wiki/El_Monte_California,UTC−8 (Pacific),https://tools.wmflabs.org/geohack/geohack.php?pagename=List_of_United_States_cities_by_population&params=34.0746_N_118.0291_W_&title=El+Monte
251,Murrieta, California,114985,103466,11.13,33.6,3324,https://en.wikipedia.org/wiki/Murrieta_California,UTC−8 (Pacific),https://tools.wmflabs.org/geohack/geohack.php?pagename=List_of_United_States_cities_by_population&params=33.5721_N_117.1904_W_&title=Murrieta
252,Temecula, California,114742,100097,14.63,37.3,3031,https://en.wikipedia.org/wiki/Temecula_California,UTC−8 (Pacific),https://tools.wmflabs.org/geohack/geohack.php?pagename=List_of_United_States_cities_by_population&params=33.4931_N_117.1317_W_&title=Temecula
253,Springfield, Illinois,114694,116250,1.34,60.1,1925,https://en.wikipedia.org/wiki/Springfield_Illinois,UTC−6 (CST),https://tools.wmflabs.org/geohack/geohack.php?pagename=List_of_United_States_cities_by_population&params=39.7911_N_89.6446_W_&title=Springfield
254,Palm Bay, Florida,114194,103190,10.66,65.7,1676,https://en.wikipedia.org/wiki/Palm_Bay_Florida,UTC−5 (Eastern (EST)),https://tools.wmflabs.org/geohack/geohack.php?pagename=List_of_United_States_cities_by_population&params=27.9856_N_80.6626_W_&title=Palm+Bay
255,Costa Mesa, California,113615,109960,3.32,15.7,7186,https://en.wikipedia.org/wiki/Costa_Mesa_California,UTC-8 (PST),https://tools.wmflabs.org/geohack/geohack.php?pagename=List_of_United_States_cities_by_population&params=33.6659_N_117.9123_W_&title=Costa+Mesa
256,Westminster, Colorado,113479,106114,6.94,31.7,3592,https://en.wikipedia.org/wiki/Westminster_Colorado,UTC−7 (MST),https://tools.wmflabs.org/geohack/geohack.php?pagename=List_of_United_States_cities_by_population&params=39.8822_N_105.0644_W_&title=Westminster
257,North Charleston, South Carolina,113237,97471,16.18,73.7,1483,https://en.wikipedia.org/wiki/North_Charleston_South_Carolina,UTC−5 (EST),https://tools.wmflabs.org/geohack/geohack.php?pagename=List_of_United_States_cities_by_population&params=32.9178_N_80.0650_W_&title=North+Charleston
258,Miami Gardens, Florida,113069,107167,5.51,18.2,6212,https://en.wikipedia.org/wiki/Miami_Gardens_Florida,UTC-5 (EST),https://tools.wmflabs.org/geohack/geohack.php?pagename=List_of_United_States_cities_by_population&params=25.9489_N_80.2436_W_&title=Miami+Gardens
259,Manchester, New Hampshire,112525,109565,2.70,33.1,3339,https://en.wikipedia.org/wiki/Manchester_New_Hampshire,UTC-5 (Eastern),https://tools.wmflabs.org/geohack/geohack.php?pagename=List_of_United_States_cities_by_population&params=42.9849_N_71.4441_W_&title=Manchester
260,High Point, North Carolina,112316,104371,7.61,55.2,2015,https://en.wikipedia.org/wiki/High_Point_North_Carolina,UTC−5 (EST),https://tools.wmflabs.org/geohack/geohack.php?pagename=List_of_United_States_cities_by_population&params=35.9900_N_79.9905_W_&title=High+Point
261,Downey, California,112269,111772,0.44,12.4,9134,https://en.wikipedia.org/wiki/Downey_California,UTC-8 (PST),https://tools.wmflabs.org/geohack/geohack.php?pagename=List_of_United_States_cities_by_population&params=33.9382_N_118.1309_W_&title=Downey
262,Clovis, California,112022,95631,17.14,24.2,4404,https://en.wikipedia.org/wiki/Clovis_California,UTC−8 (Pacific),https://tools.wmflabs.org/geohack/geohack.php?pagename=List_of_United_States_cities_by_population&params=36.8282_N_119.6849_W_&title=Clovis
263,Pompano Beach, Florida,111954,99845,12.13,24.0,4558,https://en.wikipedia.org/wiki/Pompano_Beach_Florida,UTC−5 (EST),https://tools.wmflabs.org/geohack/geohack.php?pagename=List_of_United_States_cities_by_population&params=26.2416_N_80.1339_W_&title=Pompano+Beach
264,Pueblo, Colorado,111750,106595,4.84,53.6,2058,https://en.wikipedia.org/wiki/Pueblo_Colorado,UTC−7 (MST),https://tools.wmflabs.org/geohack/geohack.php?pagename=List_of_United_States_cities_by_population&params=38.2699_N_104.6123_W_&title=Pueblo
265,Elgin, Illinois,111683,108188,3.23,37.4,2998,https://en.wikipedia.org/wiki/Elgin_Illinois,UTC−6 (Central),https://tools.wmflabs.org/geohack/geohack.php?pagename=List_of_United_States_cities_by_population&params=42.0396_N_88.3217_W_&title=Elgin
266,Lowell, Massachusetts,111670,106519,4.84,13.6,8129,https://en.wikipedia.org/wiki/Lowell_Massachusetts,UTC−5 (Eastern),https://tools.wmflabs.org/geohack/geohack.php?pagename=List_of_United_States_cities_by_population&params=42.6390_N_71.3211_W_&title=Lowell
267,Antioch, California,111535,102372,8.95,29.4,3772,https://en.wikipedia.org/wiki/Antioch_California,UTC−8 (Pacific),https://tools.wmflabs.org/geohack/geohack.php?pagename=List_of_United_States_cities_by_population&params=37.9791_N_121.7962_W_&title=Antioch
268,West Palm Beach, Florida,111398,99919,11.49,55.1,1963,https://en.wikipedia.org/wiki/West_Palm_Beach_Florida,UTC−5 (EST),https://tools.wmflabs.org/geohack/geohack.php?pagename=List_of_United_States_cities_by_population&params=26.7464_N_80.1251_W_&title=West+Palm+Beach
269,Peoria, Illinois,111388,115007,3.15,48.2,2371,https://en.wikipedia.org/wiki/Peoria_Illinois,UTC−6 (CST),https://tools.wmflabs.org/geohack/geohack.php?pagename=List_of_United_States_cities_by_population&params=40.7515_N_89.6174_W_&title=Peoria
270,Everett, Washington,111262,103019,8.00,33.3,3275,https://en.wikipedia.org/wiki/Everett_Washington,UTC−8 (PST),https://tools.wmflabs.org/geohack/geohack.php?pagename=List_of_United_States_cities_by_population&params=47.9566_N_122.1914_W_&title=Everett
271,Ventura, California,111128,106433,4.41,21.8,5027,https://en.wikipedia.org/wiki/Ventura_California,UTC−8 (Pacific),https://tools.wmflabs.org/geohack/geohack.php?pagename=List_of_United_States_cities_by_population&params=34.2678_N_119.2542_W_&title=Ventura
272,Centennial, Colorado,110831,100377,10.41,29.5,3727,https://en.wikipedia.org/wiki/Centennial_Colorado,UTC-7 (MST),https://tools.wmflabs.org/geohack/geohack.php?pagename=List_of_United_States_cities_by_population&params=39.5906_N_104.8691_W_&title=Centennial
273,Lakeland, Florida,110516,97422,13.44,65.9,1615,https://en.wikipedia.org/wiki/Lakeland_Florida,UTC-5 (EST),https://tools.wmflabs.org/geohack/geohack.php?pagename=List_of_United_States_cities_by_population&params=28.0555_N_81.9549_W_&title=Lakeland
274,Gresham, Oregon,110158,105594,4.32,23.3,4786,https://en.wikipedia.org/wiki/Gresham_Oregon,UTC−8 (Pacific),https://tools.wmflabs.org/geohack/geohack.php?pagename=List_of_United_States_cities_by_population&params=45.5023_N_122.4416_W_&title=Gresham
275,Richmond, California,110146,103701,6.21,30.1,3648,https://en.wikipedia.org/wiki/Richmond_California,UTC−8 (Pacific),https://tools.wmflabs.org/geohack/geohack.php?pagename=List_of_United_States_cities_by_population&params=37.9523_N_122.3606_W_&title=Richmond
276,Billings, Montana,109550,104170,5.16,43.7,2525,https://en.wikipedia.org/wiki/Billings_Montana,UTC−7 (Mountain),https://tools.wmflabs.org/geohack/geohack.php?pagename=List_of_United_States_cities_by_population&params=45.7885_N_108.5499_W_&title=Billings
277,Inglewood, California,109419,109673,0.23,9.1,12160,https://en.wikipedia.org/wiki/Inglewood_California,UTC−8 (Pacific),https://tools.wmflabs.org/geohack/geohack.php?pagename=List_of_United_States_cities_by_population&params=33.9561_N_118.3443_W_&title=Inglewood
278,Broken Arrow, Oklahoma,109171,98850,10.44,61.7,1741,https://en.wikipedia.org/wiki/Broken_Arrow_Oklahoma,UTC−6 (CST),https://tools.wmflabs.org/geohack/geohack.php?pagename=List_of_United_States_cities_by_population&params=36.0365_N_95.7810_W_&title=Broken+Arrow
279,Sandy Springs, Georgia,108797,93853,15.92,37.7,2804,https://en.wikipedia.org/wiki/Sandy_Springs_Georgia,UTC−5 (EST),https://tools.wmflabs.org/geohack/geohack.php?pagename=List_of_United_States_cities_by_population&params=33.9315_N_84.3687_W_&title=Sandy+Springs
280,Jurupa Valley, California,108393,0,No Data,42.9,2414,https://en.wikipedia.org/wiki/Jurupa_Valley_California,UTC-8 (PST),https://tools.wmflabs.org/geohack/geohack.php?pagename=List_of_United_States_cities_by_population&params=34.0026_N_117.4676_W_&title=Jurupa+Valley
281,Hillsboro, Oregon,108389,91611,18.31,25.0,4207,https://en.wikipedia.org/wiki/Hillsboro_Oregon,UTC−8 (PST),https://tools.wmflabs.org/geohack/geohack.php?pagename=List_of_United_States_cities_by_population&params=45.5280_N_122.9357_W_&title=Hillsboro
282,Waterbury, Connecticut,108093,110366,2.06,28.5,3799,https://en.wikipedia.org/wiki/Waterbury_Connecticut,UTC−5 (Eastern),https://tools.wmflabs.org/geohack/geohack.php?pagename=List_of_United_States_cities_by_population&params=41.5585_N_73.0367_W_&title=Waterbury
283,Santa Maria, California,107408,99553,7.89,22.8,4662,https://en.wikipedia.org/wiki/Santa_Maria_California,UTC−8 (Pacific),https://tools.wmflabs.org/geohack/geohack.php?pagename=List_of_United_States_cities_by_population&params=34.9332_N_120.4438_W_&title=Santa+Maria
284,Boulder, Colorado,107353,97385,10.24,24.8,4358,https://en.wikipedia.org/wiki/Boulder_Colorado,UTC-7 (MST),https://tools.wmflabs.org/geohack/geohack.php?pagename=List_of_United_States_cities_by_population&params=40.0270_N_105.2519_W_&title=Boulder
285,Greeley, Colorado,107348,92889,15.57,47.8,2176,https://en.wikipedia.org/wiki/Greeley_Colorado,UTC−7 (MST),https://tools.wmflabs.org/geohack/geohack.php?pagename=List_of_United_States_cities_by_population&params=40.4153_N_104.7697_W_&title=Greeley
286,Daly City, California,107008,101123,5.82,7.6,14009,https://en.wikipedia.org/wiki/Daly_City_California,UTC−8 (Pacific),https://tools.wmflabs.org/geohack/geohack.php?pagename=List_of_United_States_cities_by_population&params=37.7009_N_122.4650_W_&title=Daly+City
287,Meridian, Idaho,106804,75092,42.23,29.8,3584,https://en.wikipedia.org/wiki/Meridian_Idaho,UTC−7 (Mountain),https://tools.wmflabs.org/geohack/geohack.php?pagename=List_of_United_States_cities_by_population&params=43.6142_N_116.3989_W_&title=Meridian
288,Lewisville, Texas,106586,95290,11.85,36.7,2852,https://en.wikipedia.org/wiki/Lewisville_Texas,UTC−6 (Central),https://tools.wmflabs.org/geohack/geohack.php?pagename=List_of_United_States_cities_by_population&params=33.0466_N_96.9818_W_&title=Lewisville
289,Davie, Florida,106558,91992,15.83,34.9,2919,https://en.wikipedia.org/wiki/Davie_Florida,UTC-5 (EST),https://tools.wmflabs.org/geohack/geohack.php?pagename=List_of_United_States_cities_by_population&params=26.0791_N_80.2850_W_&title=Davie
290,West Covina, California,106311,106098,0.20,16.0,6740,https://en.wikipedia.org/wiki/West_Covina_California,UTC−8 (PST),https://tools.wmflabs.org/geohack/geohack.php?pagename=List_of_United_States_cities_by_population&params=34.0559_N_117.9099_W_&title=West+Covina
291,League City, Texas,106244,83560,27.15,51.2,1992,https://en.wikipedia.org/wiki/League_City_Texas,UTC-6 (Central (CST)),https://tools.wmflabs.org/geohack/geohack.php?pagename=List_of_United_States_cities_by_population&params=29.4901_N_95.1091_W_&title=League+City
292,Tyler, Texas,105729,96900,9.11,56.6,1852,https://en.wikipedia.org/wiki/Tyler_Texas,UTC−6 (Central),https://tools.wmflabs.org/geohack/geohack.php?pagename=List_of_United_States_cities_by_population&params=32.3173_N_95.3059_W_&title=Tyler
293,Norwalk, California,105120,105549,0.41,9.7,10946,https://en.wikipedia.org/wiki/Norwalk_California,UTC−8 (Pacific),https://tools.wmflabs.org/geohack/geohack.php?pagename=List_of_United_States_cities_by_population&params=33.9076_N_118.0835_W_&title=Norwalk
294,San Mateo, California,105025,97207,8.04,12.1,8592,https://en.wikipedia.org/wiki/San_Mateo_California,UTC−8 (Pacific),https://tools.wmflabs.org/geohack/geohack.php?pagename=List_of_United_States_cities_by_population&params=37.5603_N_122.3106_W_&title=San+Mateo
295,Green Bay, Wisconsin,104879,104057,0.79,45.4,2316,https://en.wikipedia.org/wiki/Green_Bay_Wisconsin,UTC−6 (Central),https://tools.wmflabs.org/geohack/geohack.php?pagename=List_of_United_States_cities_by_population&params=44.5207_N_87.9842_W_&title=Green+Bay
296,Wichita Falls, Texas,104576,104553,0.02,72.2,1450,https://en.wikipedia.org/wiki/Wichita_Falls_Texas,UTC−6 (CST),https://tools.wmflabs.org/geohack/geohack.php?pagename=List_of_United_States_cities_by_population&params=33.9067_N_98.5259_W_&title=Wichita+Falls
297,Sparks, Nevada,104246,90264,15.49,35.9,2810,https://en.wikipedia.org/wiki/Sparks_Nevada,UTC−8 (PST),https://tools.wmflabs.org/geohack/geohack.php?pagename=List_of_United_States_cities_by_population&params=39.5544_N_119.7356_W_&title=Sparks
298,Lakewood, New Jersey,104157,92843,12.19,24.7,4079,https://en.wikipedia.org/wiki/Lakewood_Township_New_Jersey,UTC-5 (Eastern (EST)),https://tools.wmflabs.org/geohack/geohack.php?pagename=List_of_United_States_cities_by_population&params=40.0771_N_74.2004_W_&title=Lakewood
299,Burbank, California,103695,103340,0.34,17.4,6003,https://en.wikipedia.org/wiki/Burbank_California,UTC−8 (Pacific),https://tools.wmflabs.org/geohack/geohack.php?pagename=List_of_United_States_cities_by_population&params=34.1901_N_118.3264_W_&title=Burbank
300,Rialto, California,103440,99171,4.30,22.3,4633,https://en.wikipedia.org/wiki/Rialto_California,UTC−8 (Pacific Time Zone),https://tools.wmflabs.org/geohack/geohack.php?pagename=List_of_United_States_cities_by_population&params=34.1118_N_117.3883_W_&title=Rialto
301,Allen, Texas,103383,84246,22.72,27.1,3715,https://en.wikipedia.org/wiki/Allen_Texas,UTC-6 (CST),https://tools.wmflabs.org/geohack/geohack.php?pagename=List_of_United_States_cities_by_population&params=33.0997_N_96.6631_W_&title=Allen
302,El Cajon, California,103241,99478,3.78,14.5,7156,https://en.wikipedia.org/wiki/El_Cajon_California,UTC−8 (Pacific),https://tools.wmflabs.org/geohack/geohack.php?pagename=List_of_United_States_cities_by_population&params=32.8017_N_116.9604_W_&title=El+Cajon
303,Las Cruces, New Mexico,102926,97618,5.44,76.9,1323,https://en.wikipedia.org/wiki/Las_Cruces_New_Mexico,UTC-7 (Mountain),https://tools.wmflabs.org/geohack/geohack.php?pagename=List_of_United_States_cities_by_population&params=32.3264_N_106.7897_W_&title=Las+Cruces
304,Renton, Washington,102153,90927,12.35,23.4,4314,https://en.wikipedia.org/wiki/Renton_Washington,UTC−8 (PST),https://tools.wmflabs.org/geohack/geohack.php?pagename=List_of_United_States_cities_by_population&params=47.4761_N_122.1920_W_&title=Renton
305,Davenport, Iowa,102085,99685,2.41,62.9,1631,https://en.wikipedia.org/wiki/Davenport_Iowa,UTC−6 (CST),https://tools.wmflabs.org/geohack/geohack.php?pagename=List_of_United_States_cities_by_population&params=41.5541_N_90.6040_W_&title=Davenport
306,South Bend, Indiana,101860,101168,0.68,41.4,2457,https://en.wikipedia.org/wiki/South_Bend_Indiana,UTC−5 (EST),https://tools.wmflabs.org/geohack/geohack.php?pagename=List_of_United_States_cities_by_population&params=41.6769_N_86.2690_W_&title=South+Bend
307,Vista, California,101224,93834,7.88,18.7,5436,https://en.wikipedia.org/wiki/Vista_California,UTC−8 (Pacific Time Zone),https://tools.wmflabs.org/geohack/geohack.php?pagename=List_of_United_States_cities_by_population&params=33.1895_N_117.2386_W_&title=Vista
308,Tuscaloosa, Alabama,101113,90468,11.77,71.7,1399,https://en.wikipedia.org/wiki/Tuscaloosa_Alabama,UTC−6 (CST),https://tools.wmflabs.org/geohack/geohack.php?pagename=List_of_United_States_cities_by_population&params=33.2065_N_87.5346_W_&title=Tuscaloosa
309,Clinton, Michigan,100800,96796,4.14,28.1,3573,https://en.wikipedia.org/wiki/Clinton_Township_Macomb_County_Michigan,UTC-5 (Eastern (EST)),https://tools.wmflabs.org/geohack/geohack.php?pagename=List_of_United_States_cities_by_population&params=42.5903_N_82.9170_W_&title=Clinton
310,Edison, New Jersey,100693,99967,0.73,30.1,3389,https://en.wikipedia.org/wiki/Edison_New_Jersey,UTC−5 (Eastern (EST)),https://tools.wmflabs.org/geohack/geohack.php?pagename=List_of_United_States_cities_by_population&params=40.5040_N_74.3494_W_&title=Edison
311,Woodbridge, New Jersey,100450,99585,0.87,23.3,4351,https://en.wikipedia.org/wiki/Woodbridge_Township_New_Jersey,UTC−5 (Eastern (EST)),https://tools.wmflabs.org/geohack/geohack.php?pagename=List_of_United_States_cities_by_population&params=40.5607_N_74.2927_W_&title=Woodbridge
312,San Angelo, Texas,100215,93200,7.53,59.9,1681,https://en.wikipedia.org/wiki/San_Angelo_Texas,UTC−6 (CST),https://tools.wmflabs.org/geohack/geohack.php?pagename=List_of_United_States_cities_by_population&params=31.4411_N_100.4505_W_&title=San+Angelo
313,Kenosha, Wisconsin,100164,99218,0.95,28.0,3577,https://en.wikipedia.org/wiki/Kenosha_Wisconsin,UTC−6 (CST),https://tools.wmflabs.org/geohack/geohack.php?pagename=List_of_United_States_cities_by_population&params=42.5822_N_87.8456_W_&title=Kenosha
314,Vacaville, California,100154,92428,8.36,29.0,3449,https://en.wikipedia.org/wiki/Vacaville_California,UTC−8 (Pacific),https://tools.wmflabs.org/geohack/geohack.php?pagename=List_of_United_States_cities_by_population&params=38.3539_N_121.9728_W_&title=Vacaville
